"Keyword Version: 24.6","Revision: 2026-08-20T00:00:00.000Z","Timestamp: 2026-08-20 00:00:00","Terms Of Use: https://cdn.earthdata.nasa.gov/conduit/upload/5182/KeywordsCommunityGuide_Baseline_v1_SIGNED_FINAL.pdf","The most up to date XML representations can be found here: https://gcmd.earthdata.nasa.gov/kms/concepts/concept_scheme/sciencekeywords/?format=xml"
"Category","Topic","Term","Variable_Level_1","Variable_Level_2","Variable_Level_3","Detailed_Variable","UUID"
"EARTH SCIENCE_SHOULD_DELETE","TERRESTRIAL HYDROSPHERE_SHOULD_DELETE","SNOW/ICE_SHOULD_DELETE","SNOW WATER EQUIVALENT_SHOULD_DELETE","SNOW ICE TEST_SHOULD_DELETE","WATER ICE TEST_SHOULD_DELETE","RAIN_SHOULD_DELETE","b1bd7116-941c-4de1-9f0f-e1cab58ef586"
"EARTH SCIENCE","ATMOSPHERE","AEROSOLS_SHOULD_DELETE",,,,,"66bbd8f8-8703-40ff-bbbe-bda176ad30a5"
"EARTH SCIENCE","ATMOSPHERE","AEROSOLS",,,,,"d568c349-8559-4657-a57f-7c4b014c6acb"
"EARTH SCIENCE","ATMOSPHERE","ATMOSPHERIC TEMPERATURE","UPPER AIR TEMPERATURE","BOUNDARY LAYER TEMPERATURE","BOUNDARY LAYER TEMPERATURE PROFILES_SHOULD_DELETE",,"d1aab677-1cd3-4918-9bfb-14a9eba831ba"
"EARTH SCIENCE","ATMOSPHERE","ATMOSPHERIC TEMPERATURE","UPPER AIR TEMPERATURE","BOUNDARY LAYER TEMPERATURE","BOUNDARY LAYER TEMPERATURE PROFILES",,"f0af0cc9-2f22-4563-8a91-06b969c61d2c"
"EARTH SCIENCE","CRYOSPHERE","GLACIERS/ICE SHEETS","Glacier Topography/Ice Sheet Topography","Surface Morphology_SHOULD_DELETE",,,"25ca0fb7-4d5f-4350-8170-6f7708056b0c"
"EARTH SCIENCE","OCEANS","MARINE SEDIMENTS_SHOULD_DELETE",,,,,"256f88a0-592a-4b5e-ac3c-1f3d00221128"
"EARTH SCIENCE","OCEANS","MARINE SEDIMENTS",,,,,"b9bb5978-2e0c-48a4-97d8-b484e3ef9511"
"EARTH SCIENCE","TERRESTRIAL HYDROSPHERE","SNOW/ICE","SNOW WATER EQUIVALENT","SNOW ICE TEST","WATER ICE TEST","RAIN","be0d7a14-e1d5-4b44-b5c1-059274fc2dfb"
